{"stats":{"minecraft:broken":{"minecraft:stone_axe":1},"minecraft:mined":{"minecraft:spruce_planks":3,"minecraft:oak_door":6,"minecraft:jungle_leaves":31,"minecraft:brewing_stand":2,"minecraft:granite":10,"minecraft:grass_block":1,"minecraft:spruce_leaves":22,"minecraft:composter":9,"minecraft:moss_block":1,"minecraft:hay_block":16,"minecraft:magma_block":1,"minecraft:furnace":1,"minecraft:carrots":1,"minecraft:iron_ore":7,"minecraft:pumpkin":1,"minecraft:fletching_table":7,"minecraft:big_dripleaf_stem":1,"minecraft:peony":2,"minecraft:gold_block":3,"minecraft:bookshelf":3,"minecraft:potatoes":1,"minecraft:cave_vines":7,"minecraft:flowering_azalea_leaves":3,"minecraft:vine":1,"minecraft:iron_bars":3,"minecraft:oak_stairs":2,"minecraft:bamboo":2,"minecraft:stone":35,"minecraft:smithing_table":1,"minecraft:flowering_azalea":6,"minecraft:dandelion":2,"minecraft:crafting_table":4,"minecraft:short_grass":40,"minecraft:blast_furnace":3,"minecraft:dead_bush":1,"minecraft:lectern":1,"minecraft:tall_grass":5,"minecraft:grindstone":1,"minecraft:sugar_cane":121,"minecraft:diorite":3,"minecraft:wall_torch":3,"minecraft:big_dripleaf":5,"minecraft:birch_planks":2,"minecraft:cactus":7,"minecraft:sweet_berry_bush":14,"minecraft:wheat":1,"minecraft:ice":2,"minecraft:white_carpet":9,"minecraft:spruce_log":174,"minecraft:birch_leaves":10,"minecraft:yellow_bed":7,"minecraft:coal_ore":44,"minecraft:oak_log":111,"minecraft:loom":2,"minecraft:gravel":46,"minecraft:sand":10,"minecraft:cobweb":2,"minecraft:small_dripleaf":1,"minecraft:netherrack":3,"minecraft:oak_leaves":74,"minecraft:fern":1},"minecraft:custom":{"minecraft:mob_kills":18,"minecraft:interact_with_crafting_table":21,"minecraft:leave_game":3,"minecraft:time_since_death":170921,"minecraft:climb_one_cm":4214,"minecraft:sprint_one_cm":568417,"minecraft:walk_one_cm":307251,"minecraft:damage_blocked_by_shield":165,"minecraft:drop":44,"minecraft:talked_to_villager":60,"minecraft:play_time":170921,"minecraft:sneak_time":2780,"minecraft:walk_under_water_one_cm":35066,"minecraft:boat_one_cm":675568,"minecraft:interact_with_brewingstand":2,"minecraft:jump":3153,"minecraft:interact_with_blast_furnace":1,"minecraft:walk_on_water_one_cm":18773,"minecraft:total_world_time":170921,"minecraft:interact_with_furnace":13,"minecraft:traded_with_villager":82,"minecraft:sleep_in_bed":11,"minecraft:time_since_rest":34740,"minecraft:damage_taken":1060,"minecraft:damage_dealt":2689,"minecraft:swim_one_cm":57931,"minecraft:fly_one_cm":723995,"minecraft:open_chest":35,"minecraft:crouch_one_cm":1833,"minecraft:fall_one_cm":81599},"minecraft:used":{"minecraft:moss_block":1,"minecraft:chest":2,"minecraft:spruce_planks":23,"minecraft:shield":3,"minecraft:iron_sword":34,"minecraft:oak_door":7,"minecraft:torch":18,"minecraft:obsidian":3,"minecraft:iron_axe":177,"minecraft:birch_sapling":1,"minecraft:sweet_berries":6,"minecraft:oak_sapling":3,"minecraft:furnace":1,"minecraft:diorite":1,"minecraft:oak_planks":53,"minecraft:composter":8,"minecraft:fletching_table":9,"minecraft:sugar_cane":69,"minecraft:glow_berries":3,"minecraft:crafting_table":5,"minecraft:blast_furnace":4,"minecraft:shears":3,"minecraft:bread":42,"minecraft:iron_pickaxe":118,"minecraft:spruce_sapling":1,"minecraft:gravel":34,"minecraft:stone_axe":135,"minecraft:grindstone":1,"minecraft:yellow_bed":6,"minecraft:oak_boat":15,"minecraft:splash_potion":1},"minecraft:dropped":{"minecraft:oak_log":1,"minecraft:tnt":4,"minecraft:cobblestone":6,"minecraft:leather":1,"minecraft:apple":2,"minecraft:granite":8,"minecraft:rail":3,"minecraft:coal":36,"minecraft:stick":3,"minecraft:iron_axe":3,"minecraft:sand":3,"minecraft:dandelion":1,"minecraft:oak_door":2,"minecraft:gravel":4,"minecraft:sugar_cane":6,"minecraft:iron_nugget":30,"minecraft:wheat":2,"minecraft:filled_map":2,"minecraft:gunpowder":2,"minecraft:peony":2,"minecraft:beetroot_seeds":6,"minecraft:yellow_bed":1,"minecraft:oak_sapling":2,"minecraft:iron_bars":1,"minecraft:bow":12,"minecraft:flowering_azalea_leaves":4,"minecraft:lectern":1},"minecraft:crafted":{"minecraft:oak_door":3,"minecraft:smooth_stone":3,"minecraft:oak_planks":444,"minecraft:furnace":2,"minecraft:blast_furnace":1,"minecraft:stone":3,"minecraft:bow":6,"minecraft:iron_axe":5,"minecraft:chest":2,"minecraft:wheat":144,"minecraft:emerald":71,"minecraft:crafting_table":1,"minecraft:spruce_planks":744,"minecraft:iron_helmet":1,"minecraft:fletching_table":2,"minecraft:pumpkin_seeds":4,"minecraft:stone_axe":1,"minecraft:bread":59,"minecraft:air":0,"minecraft:oak_boat":1,"minecraft:shield":1,"minecraft:stick":2128,"minecraft:iron_ingot":8,"minecraft:iron_pickaxe":1,"minecraft:gold_ingot":27,"minecraft:torch":16,"minecraft:shears":1},"minecraft:picked_up":{"minecraft:crafting_table":4,"minecraft:wheat":2,"minecraft:smithing_table":1,"minecraft:lead":2,"minecraft:gold_block":3,"minecraft:brewing_stand":2,"minecraft:string":2,"minecraft:iron_axe":1,"minecraft:spruce_planks":3,"minecraft:oak_boat":15,"minecraft:iron_nugget":24,"minecraft:lectern":2,"minecraft:sugar_cane":143,"minecraft:birch_sapling":1,"minecraft:furnace":1,"minecraft:raw_iron":6,"minecraft:stick":12,"minecraft:oak_door":6,"minecraft:composter":9,"minecraft:big_dripleaf":11,"minecraft:torch":3,"minecraft:flowering_azalea_leaves":4,"minecraft:diorite":3,"minecraft:carrot":4,"minecraft:tnt":4,"minecraft:rotten_flesh":2,"minecraft:cactus":16,"minecraft:peony":2,"minecraft:hay_block":16,"minecraft:glow_berries":4,"minecraft:mutton":6,"minecraft:iron_bars":1,"minecraft:cobblestone":31,"minecraft:white_wool":3,"minecraft:leather":1,"minecraft:potato":4,"minecraft:flint":4,"minecraft:oak_log":112,"minecraft:yellow_bed":8,"minecraft:apple":2,"minecraft:bow":7,"minecraft:wheat_seeds":5,"minecraft:grindstone":1,"minecraft:iron_ingot":5,"minecraft:fletching_table":7,"minecraft:bamboo":6,"minecraft:moss_block":1,"minecraft:flowering_azalea":6,"minecraft:book":9,"minecraft:pumpkin":1,"minecraft:sweet_berries":38,"minecraft:dandelion":3,"minecraft:gravel":38,"minecraft:sand":5,"minecraft:spruce_sapling":7,"minecraft:blast_furnace":3,"minecraft:loom":2,"minecraft:spruce_log":168,"minecraft:pumpkin_seeds":4,"minecraft:slime_ball":6,"minecraft:granite":8,"minecraft:oak_sapling":5,"minecraft:black_wool":1,"minecraft:coal":106},"minecraft:killed":{"minecraft:slime":9,"minecraft:skeleton":2,"minecraft:iron_golem":1,"minecraft:trader_llama":2,"minecraft:zombie":3}},"DataVersion":3953}