{"stats":{"minecraft:mined":{"minecraft:coal_ore":14,"minecraft:stone":15,"minecraft:spruce_leaves":23,"minecraft:spruce_log":6,"minecraft:birch_leaves":10,"minecraft:oak_leaves":5,"minecraft:crafting_table":2},"minecraft:used":{"minecraft:crafting_table":2,"minecraft:stone_pickaxe":26,"minecraft:wooden_pickaxe":3},"minecraft:custom":{"minecraft:time_since_rest":5721,"minecraft:play_time":5721,"minecraft:sprint_one_cm":14131,"minecraft:damage_taken":50,"minecraft:walk_one_cm":15654,"minecraft:drop":1,"minecraft:jump":120,"minecraft:time_since_death":5721,"minecraft:leave_game":1,"minecraft:total_world_time":5721,"minecraft:fall_one_cm":5979,"minecraft:interact_with_crafting_table":2,"minecraft:fly_one_cm":33876},"minecraft:crafted":{"minecraft:crafting_table":1,"minecraft:spruce_planks":24,"minecraft:stick":8,"minecraft:wooden_pickaxe":1,"minecraft:stone_pickaxe":1},"minecraft:dropped":{"minecraft:stone_pickaxe":1},"minecraft:picked_up":{"minecraft:crafting_table":2,"minecraft:stone_pickaxe":1,"minecraft:spruce_sapling":1,"minecraft:spruce_log":6,"minecraft:oak_sapling":2,"minecraft:coal":14,"minecraft:birch_sapling":1,"minecraft:cobblestone":15}},"DataVersion":3953}