{"stats":{"minecraft:mined":{"minecraft:light_gray_carpet":1,"minecraft:spruce_planks":2,"minecraft:white_bed":2,"minecraft:crafting_table":6,"minecraft:dark_oak_fence":10,"minecraft:grass_block":3,"minecraft:chest":2,"minecraft:spruce_leaves":27,"minecraft:sugar_cane":4,"minecraft:large_fern":1,"minecraft:hay_block":2,"minecraft:white_carpet":1,"minecraft:spruce_log":9,"minecraft:birch_leaves":10,"minecraft:pumpkin":1,"minecraft:coal_ore":14,"minecraft:iron_bars":1,"minecraft:dirt":2,"minecraft:stone":15,"minecraft:oak_leaves":5,"minecraft:fern":1},"minecraft:killed_by":{"minecraft:pillager":6},"minecraft:used":{"minecraft:stone_sword":44,"minecraft:stone_pickaxe":26,"minecraft:baked_potato":3,"minecraft:light_gray_carpet":2,"minecraft:chest":3,"minecraft:spruce_planks":4,"minecraft:wooden_pickaxe":4,"minecraft:dirt":2,"minecraft:mutton":6,"minecraft:white_carpet":9,"minecraft:crafting_table":6,"minecraft:white_bed":2,"minecraft:spruce_boat":1,"minecraft:bread":5,"minecraft:spruce_trapdoor":2,"minecraft:stone_axe":51,"minecraft:goat_horn":7,"minecraft:porkchop":6,"minecraft:cooked_porkchop":3,"minecraft:splash_potion":1},"minecraft:custom":{"minecraft:interact_with_furnace":9,"minecraft:mob_kills":23,"minecraft:interact_with_crafting_table":17,"minecraft:leave_game":7,"minecraft:time_since_death":197,"minecraft:sleep_in_bed":2,"minecraft:climb_one_cm":2677,"minecraft:time_since_rest":222,"minecraft:sprint_one_cm":152931,"minecraft:damage_taken":2360,"minecraft:walk_one_cm":129947,"minecraft:drop":4,"minecraft:damage_dealt":5098,"minecraft:fly_one_cm":265154,"minecraft:open_chest":17,"minecraft:crouch_one_cm":1722,"minecraft:play_time":40964,"minecraft:deaths":6,"minecraft:sneak_time":555,"minecraft:walk_under_water_one_cm":72,"minecraft:boat_one_cm":22006,"minecraft:interact_with_brewingstand":2,"minecraft:jump":1064,"minecraft:walk_on_water_one_cm":1777,"minecraft:total_world_time":40964,"minecraft:fall_one_cm":28900},"minecraft:crafted":{"minecraft:cooked_porkchop":3,"minecraft:crafting_table":2,"minecraft:spruce_planks":36,"minecraft:wooden_pickaxe":1,"minecraft:baked_potato":3,"minecraft:stone_axe":1,"minecraft:bread":8,"minecraft:air":0,"minecraft:spruce_trapdoor":2,"minecraft:stick":8,"minecraft:stone_pickaxe":1,"minecraft:stone_sword":1,"minecraft:chest":1,"minecraft:white_bed":1,"minecraft:spruce_boat":1,"minecraft:dark_oak_planks":4,"minecraft:wheat":18},"minecraft:dropped":{"minecraft:goat_horn":1,"minecraft:crafting_table":1,"minecraft:mutton":1,"minecraft:stone_pickaxe":1},"minecraft:picked_up":{"minecraft:crafting_table":17,"minecraft:tripwire_hook":6,"minecraft:wooden_pickaxe":1,"minecraft:potato":25,"minecraft:dirt":36,"minecraft:white_carpet":9,"minecraft:experience_bottle":1,"minecraft:spruce_planks":15,"minecraft:iron_ingot":20,"minecraft:stone_pickaxe":2,"minecraft:redstone_torch":1,"minecraft:poppy":6,"minecraft:sugar_cane":26,"minecraft:chest":2,"minecraft:birch_sapling":2,"minecraft:stick":24,"minecraft:pumpkin":2,"minecraft:porkchop":11,"minecraft:spruce_sapling":2,"minecraft:white_bed":2,"minecraft:spruce_log":9,"minecraft:dark_oak_log":10,"minecraft:goat_horn":7,"minecraft:stone_sword":13,"minecraft:stone_axe":21,"minecraft:spruce_boat":12,"minecraft:hay_block":2,"minecraft:crossbow":5,"minecraft:gray_wool":2,"minecraft:bread":11,"minecraft:baked_potato":9,"minecraft:oak_sapling":4,"minecraft:light_gray_carpet":3,"minecraft:mutton":7,"minecraft:dark_oak_fence":9,"minecraft:iron_bars":1,"minecraft:coal":28,"minecraft:white_wool":5,"minecraft:cobblestone":101},"minecraft:killed":{"minecraft:pig":4,"minecraft:sheep":5,"minecraft:pillager":14}},"DataVersion":3953}