{"stats":{"minecraft:mined":{"minecraft:large_fern":1,"minecraft:white_bed":1,"minecraft:spruce_log":6,"minecraft:birch_leaves":10,"minecraft:pumpkin":1,"minecraft:crafting_table":4,"minecraft:grass_block":2,"minecraft:coal_ore":14,"minecraft:spruce_leaves":25,"minecraft:stone":15,"minecraft:sugar_cane":4,"minecraft:oak_leaves":5,"minecraft:fern":1},"minecraft:used":{"minecraft:spruce_boat":1,"minecraft:stone_pickaxe":26,"minecraft:wooden_pickaxe":3,"minecraft:dirt":2,"minecraft:mutton":6,"minecraft:crafting_table":4,"minecraft:porkchop":4,"minecraft:white_bed":1},"minecraft:custom":{"minecraft:time_since_rest":7888,"minecraft:sprint_one_cm":70859,"minecraft:damage_taken":50,"minecraft:walk_one_cm":55561,"minecraft:mob_kills":9,"minecraft:drop":3,"minecraft:damage_dealt":800,"minecraft:interact_with_crafting_table":4,"minecraft:fly_one_cm":150705,"minecraft:play_time":17721,"minecraft:boat_one_cm":22006,"minecraft:jump":594,"minecraft:leave_game":1,"minecraft:walk_on_water_one_cm":90,"minecraft:time_since_death":17721,"minecraft:sleep_in_bed":1,"minecraft:total_world_time":17721,"minecraft:fall_one_cm":17671},"minecraft:crafted":{"minecraft:crafting_table":1,"minecraft:spruce_planks":24,"minecraft:stick":8,"minecraft:wooden_pickaxe":1,"minecraft:stone_pickaxe":1,"minecraft:white_bed":1,"minecraft:spruce_boat":1},"minecraft:dropped":{"minecraft:crafting_table":1,"minecraft:mutton":1,"minecraft:stone_pickaxe":1},"minecraft:picked_up":{"minecraft:crafting_table":5,"minecraft:pumpkin":1,"minecraft:porkchop":9,"minecraft:spruce_sapling":1,"minecraft:white_bed":1,"minecraft:spruce_log":6,"minecraft:dirt":2,"minecraft:spruce_boat":1,"minecraft:stone_pickaxe":1,"minecraft:gray_wool":1,"minecraft:oak_sapling":2,"minecraft:sugar_cane":13,"minecraft:birch_sapling":1,"minecraft:mutton":7,"minecraft:coal":14,"minecraft:white_wool":4,"minecraft:cobblestone":15},"minecraft:killed":{"minecraft:sheep":5,"minecraft:pig":4}},"DataVersion":3953}