{"stats":{"minecraft:mined":{"minecraft:spruce_leaves":3,"minecraft:spruce_log":2,"minecraft:sugar_cane":6,"minecraft:oak_leaves":2},"minecraft:custom":{"minecraft:jump":89,"minecraft:time_since_rest":2471,"minecraft:leave_game":2,"minecraft:play_time":2471,"minecraft:sprint_one_cm":13162,"minecraft:time_since_death":2471,"minecraft:walk_one_cm":3484,"minecraft:total_world_time":2471,"minecraft:fall_one_cm":3727,"minecraft:fly_one_cm":28167},"minecraft:picked_up":{"minecraft:spruce_sapling":1,"minecraft:spruce_log":2,"minecraft:sugar_cane":15}},"DataVersion":3953}