{"stats":{"minecraft:broken":{"minecraft:stone_axe":1},"minecraft:mined":{"minecraft:smithing_table":1,"minecraft:spruce_planks":3,"minecraft:oak_door":2,"minecraft:dandelion":2,"minecraft:granite":10,"minecraft:short_grass":17,"minecraft:blast_furnace":1,"minecraft:tall_grass":1,"minecraft:spruce_leaves":8,"minecraft:composter":9,"minecraft:sugar_cane":48,"minecraft:diorite":3,"minecraft:wall_torch":3,"minecraft:hay_block":16,"minecraft:iron_ore":6,"minecraft:wheat":1,"minecraft:spruce_log":9,"minecraft:birch_leaves":10,"minecraft:fletching_table":2,"minecraft:peony":2,"minecraft:oak_log":111,"minecraft:coal_ore":28,"minecraft:gravel":10,"minecraft:stone":29,"minecraft:oak_leaves":70},"minecraft:used":{"minecraft:diorite":1,"minecraft:spruce_planks":3,"minecraft:composter":4,"minecraft:fletching_table":3,"minecraft:sugar_cane":69,"minecraft:oak_door":3,"minecraft:torch":6,"minecraft:crafting_table":1,"minecraft:blast_furnace":2,"minecraft:bread":9,"minecraft:birch_sapling":1,"minecraft:iron_pickaxe":77,"minecraft:spruce_sapling":1,"minecraft:stone_axe":135,"minecraft:furnace":1,"minecraft:oak_sapling":3},"minecraft:custom":{"minecraft:interact_with_furnace":12,"minecraft:mob_kills":1,"minecraft:interact_with_crafting_table":11,"minecraft:leave_game":2,"minecraft:time_since_death":44471,"minecraft:sleep_in_bed":4,"minecraft:time_since_rest":1222,"minecraft:sprint_one_cm":144513,"minecraft:damage_taken":210,"minecraft:walk_one_cm":101330,"minecraft:drop":2,"minecraft:damage_dealt":1000,"minecraft:talked_to_villager":10,"minecraft:swim_one_cm":34675,"minecraft:fly_one_cm":233041,"minecraft:crouch_one_cm":38,"minecraft:play_time":44471,"minecraft:sneak_time":1808,"minecraft:walk_under_water_one_cm":16393,"minecraft:jump":939,"minecraft:walk_on_water_one_cm":6220,"minecraft:total_world_time":44471,"minecraft:fall_one_cm":27312},"minecraft:dropped":{"minecraft:oak_log":1,"minecraft:dandelion":1},"minecraft:crafted":{"minecraft:oak_door":3,"minecraft:smooth_stone":3,"minecraft:oak_planks":36,"minecraft:crafting_table":1,"minecraft:spruce_planks":8,"minecraft:furnace":2,"minecraft:blast_furnace":1,"minecraft:stone":3,"minecraft:fletching_table":1,"minecraft:stone_axe":1,"minecraft:bread":48,"minecraft:air":0,"minecraft:shield":1,"minecraft:stick":4,"minecraft:iron_ingot":6,"minecraft:iron_pickaxe":1,"minecraft:torch":4,"minecraft:wheat":144},"minecraft:picked_up":{"minecraft:smithing_table":1,"minecraft:flint":2,"minecraft:oak_log":112,"minecraft:apple":2,"minecraft:wheat_seeds":5,"minecraft:spruce_planks":3,"minecraft:iron_ingot":5,"minecraft:fletching_table":2,"minecraft:sugar_cane":69,"minecraft:birch_sapling":1,"minecraft:stick":5,"minecraft:raw_iron":6,"minecraft:oak_door":2,"minecraft:composter":9,"minecraft:torch":3,"minecraft:dandelion":3,"minecraft:gravel":4,"minecraft:spruce_sapling":1,"minecraft:blast_furnace":1,"minecraft:diorite":3,"minecraft:spruce_log":8,"minecraft:peony":2,"minecraft:hay_block":16,"minecraft:granite":8,"minecraft:oak_sapling":5,"minecraft:black_wool":1,"minecraft:mutton":6,"minecraft:coal":28,"minecraft:white_wool":3,"minecraft:cobblestone":28},"minecraft:killed":{"minecraft:iron_golem":1}},"DataVersion":3953}