{"stats":{"minecraft:mined":{"minecraft:smithing_table":1,"minecraft:spruce_planks":3,"minecraft:oak_door":2,"minecraft:dandelion":1,"minecraft:granite":10,"minecraft:short_grass":9,"minecraft:blast_furnace":1,"minecraft:spruce_leaves":3,"minecraft:sugar_cane":13,"minecraft:diorite":3,"minecraft:wall_torch":2,"minecraft:hay_block":16,"minecraft:iron_ore":6,"minecraft:spruce_log":2,"minecraft:birch_leaves":10,"minecraft:oak_log":9,"minecraft:coal_ore":28,"minecraft:stone":29,"minecraft:oak_leaves":56},"minecraft:used":{"minecraft:diorite":1,"minecraft:spruce_planks":3,"minecraft:sugar_cane":29,"minecraft:oak_door":3,"minecraft:torch":5,"minecraft:crafting_table":1,"minecraft:blast_furnace":2,"minecraft:bread":5,"minecraft:birch_sapling":1,"minecraft:iron_pickaxe":77,"minecraft:spruce_sapling":1,"minecraft:stone_axe":9,"minecraft:furnace":1,"minecraft:oak_sapling":3},"minecraft:custom":{"minecraft:interact_with_furnace":12,"minecraft:mob_kills":1,"minecraft:interact_with_crafting_table":10,"minecraft:leave_game":2,"minecraft:time_since_death":26471,"minecraft:sleep_in_bed":2,"minecraft:time_since_rest":8003,"minecraft:sprint_one_cm":72577,"minecraft:damage_taken":190,"minecraft:walk_one_cm":48417,"minecraft:drop":1,"minecraft:damage_dealt":1000,"minecraft:talked_to_villager":4,"minecraft:swim_one_cm":21814,"minecraft:fly_one_cm":123868,"minecraft:crouch_one_cm":38,"minecraft:play_time":26471,"minecraft:sneak_time":1794,"minecraft:walk_under_water_one_cm":16073,"minecraft:jump":550,"minecraft:walk_on_water_one_cm":5396,"minecraft:total_world_time":26471,"minecraft:fall_one_cm":14438},"minecraft:dropped":{"minecraft:dandelion":1},"minecraft:crafted":{"minecraft:oak_door":3,"minecraft:smooth_stone":3,"minecraft:oak_planks":36,"minecraft:crafting_table":1,"minecraft:spruce_planks":8,"minecraft:furnace":2,"minecraft:blast_furnace":1,"minecraft:stone":3,"minecraft:stone_axe":1,"minecraft:bread":48,"minecraft:air":0,"minecraft:shield":1,"minecraft:stick":4,"minecraft:iron_ingot":6,"minecraft:iron_pickaxe":1,"minecraft:torch":4,"minecraft:wheat":144},"minecraft:picked_up":{"minecraft:smithing_table":1,"minecraft:oak_log":9,"minecraft:apple":1,"minecraft:wheat_seeds":3,"minecraft:spruce_planks":3,"minecraft:iron_ingot":5,"minecraft:sugar_cane":29,"minecraft:birch_sapling":1,"minecraft:stick":1,"minecraft:raw_iron":6,"minecraft:oak_door":2,"minecraft:torch":2,"minecraft:dandelion":2,"minecraft:spruce_sapling":1,"minecraft:blast_furnace":1,"minecraft:diorite":3,"minecraft:spruce_log":2,"minecraft:hay_block":16,"minecraft:granite":8,"minecraft:oak_sapling":3,"minecraft:black_wool":1,"minecraft:mutton":6,"minecraft:coal":28,"minecraft:white_wool":3,"minecraft:cobblestone":28},"minecraft:killed":{"minecraft:iron_golem":1}},"DataVersion":3953}