{"stats":{"minecraft:broken":{"minecraft:stone_axe":1},"minecraft:mined":{"minecraft:spruce_planks":3,"minecraft:oak_door":6,"minecraft:jungle_leaves":31,"minecraft:brewing_stand":2,"minecraft:granite":10,"minecraft:grass_block":1,"minecraft:spruce_leaves":10,"minecraft:composter":9,"minecraft:moss_block":1,"minecraft:hay_block":16,"minecraft:magma_block":1,"minecraft:furnace":1,"minecraft:carrots":1,"minecraft:iron_ore":7,"minecraft:pumpkin":1,"minecraft:fletching_table":4,"minecraft:big_dripleaf_stem":1,"minecraft:peony":2,"minecraft:gold_block":3,"minecraft:bookshelf":3,"minecraft:potatoes":1,"minecraft:cave_vines":7,"minecraft:flowering_azalea_leaves":3,"minecraft:vine":1,"minecraft:iron_bars":3,"minecraft:oak_stairs":2,"minecraft:bamboo":2,"minecraft:stone":32,"minecraft:smithing_table":1,"minecraft:flowering_azalea":6,"minecraft:dandelion":2,"minecraft:crafting_table":4,"minecraft:short_grass":39,"minecraft:blast_furnace":2,"minecraft:dead_bush":1,"minecraft:lectern":1,"minecraft:tall_grass":5,"minecraft:sugar_cane":117,"minecraft:diorite":3,"minecraft:wall_torch":3,"minecraft:big_dripleaf":5,"minecraft:birch_planks":2,"minecraft:cactus":7,"minecraft:wheat":1,"minecraft:ice":2,"minecraft:white_carpet":9,"minecraft:spruce_log":9,"minecraft:birch_leaves":10,"minecraft:yellow_bed":7,"minecraft:coal_ore":44,"minecraft:oak_log":111,"minecraft:gravel":10,"minecraft:sand":10,"minecraft:small_dripleaf":1,"minecraft:netherrack":3,"minecraft:oak_leaves":74,"minecraft:fern":1},"minecraft:custom":{"minecraft:mob_kills":7,"minecraft:interact_with_crafting_table":17,"minecraft:leave_game":2,"minecraft:time_since_death":128471,"minecraft:climb_one_cm":3915,"minecraft:sprint_one_cm":462424,"minecraft:walk_one_cm":220544,"minecraft:damage_blocked_by_shield":165,"minecraft:drop":41,"minecraft:talked_to_villager":26,"minecraft:play_time":128471,"minecraft:sneak_time":2594,"minecraft:walk_under_water_one_cm":34029,"minecraft:boat_one_cm":675568,"minecraft:interact_with_brewingstand":2,"minecraft:jump":2804,"minecraft:walk_on_water_one_cm":16794,"minecraft:total_world_time":128471,"minecraft:interact_with_furnace":13,"minecraft:traded_with_villager":30,"minecraft:sleep_in_bed":10,"minecraft:time_since_rest":5086,"minecraft:damage_taken":819,"minecraft:damage_dealt":2018,"minecraft:swim_one_cm":54653,"minecraft:fly_one_cm":655062,"minecraft:open_chest":25,"minecraft:crouch_one_cm":1561,"minecraft:fall_one_cm":74411},"minecraft:used":{"minecraft:moss_block":1,"minecraft:chest":2,"minecraft:spruce_planks":23,"minecraft:shield":3,"minecraft:iron_sword":13,"minecraft:oak_door":7,"minecraft:torch":6,"minecraft:obsidian":3,"minecraft:birch_sapling":1,"minecraft:oak_sapling":3,"minecraft:furnace":1,"minecraft:diorite":1,"minecraft:oak_planks":53,"minecraft:composter":8,"minecraft:fletching_table":4,"minecraft:sugar_cane":69,"minecraft:glow_berries":3,"minecraft:crafting_table":5,"minecraft:blast_furnace":2,"minecraft:shears":3,"minecraft:bread":33,"minecraft:iron_pickaxe":113,"minecraft:spruce_sapling":1,"minecraft:stone_axe":135,"minecraft:yellow_bed":6,"minecraft:oak_boat":15,"minecraft:splash_potion":1},"minecraft:dropped":{"minecraft:oak_log":1,"minecraft:tnt":4,"minecraft:cobblestone":6,"minecraft:leather":1,"minecraft:apple":2,"minecraft:granite":8,"minecraft:rail":3,"minecraft:coal":36,"minecraft:stick":3,"minecraft:sand":3,"minecraft:dandelion":1,"minecraft:oak_door":2,"minecraft:gravel":4,"minecraft:sugar_cane":6,"minecraft:iron_nugget":30,"minecraft:wheat":2,"minecraft:filled_map":2,"minecraft:gunpowder":2,"minecraft:peony":2,"minecraft:beetroot_seeds":6,"minecraft:yellow_bed":1,"minecraft:oak_sapling":2,"minecraft:iron_bars":1,"minecraft:bow":12,"minecraft:flowering_azalea_leaves":4,"minecraft:lectern":1},"minecraft:crafted":{"minecraft:oak_door":3,"minecraft:smooth_stone":3,"minecraft:oak_planks":444,"minecraft:furnace":2,"minecraft:blast_furnace":1,"minecraft:stone":3,"minecraft:bow":6,"minecraft:chest":2,"minecraft:wheat":144,"minecraft:emerald":23,"minecraft:crafting_table":1,"minecraft:spruce_planks":52,"minecraft:iron_helmet":1,"minecraft:fletching_table":1,"minecraft:pumpkin_seeds":4,"minecraft:stone_axe":1,"minecraft:bread":59,"minecraft:air":0,"minecraft:oak_boat":1,"minecraft:shield":1,"minecraft:stick":736,"minecraft:iron_ingot":8,"minecraft:iron_pickaxe":1,"minecraft:gold_ingot":27,"minecraft:torch":4,"minecraft:shears":1},"minecraft:picked_up":{"minecraft:crafting_table":4,"minecraft:wheat":2,"minecraft:smithing_table":1,"minecraft:lead":2,"minecraft:gold_block":3,"minecraft:brewing_stand":2,"minecraft:spruce_planks":3,"minecraft:oak_boat":15,"minecraft:iron_nugget":24,"minecraft:lectern":2,"minecraft:sugar_cane":139,"minecraft:birch_sapling":1,"minecraft:furnace":1,"minecraft:raw_iron":6,"minecraft:stick":8,"minecraft:oak_door":6,"minecraft:composter":9,"minecraft:big_dripleaf":11,"minecraft:torch":3,"minecraft:flowering_azalea_leaves":4,"minecraft:diorite":3,"minecraft:carrot":4,"minecraft:tnt":4,"minecraft:cactus":16,"minecraft:peony":2,"minecraft:hay_block":16,"minecraft:glow_berries":4,"minecraft:mutton":6,"minecraft:iron_bars":1,"minecraft:cobblestone":28,"minecraft:white_wool":3,"minecraft:leather":1,"minecraft:potato":4,"minecraft:flint":2,"minecraft:oak_log":112,"minecraft:yellow_bed":8,"minecraft:apple":2,"minecraft:bow":7,"minecraft:wheat_seeds":5,"minecraft:iron_ingot":5,"minecraft:fletching_table":4,"minecraft:bamboo":6,"minecraft:moss_block":1,"minecraft:flowering_azalea":6,"minecraft:book":9,"minecraft:pumpkin":1,"minecraft:sweet_berries":2,"minecraft:dandelion":3,"minecraft:gravel":4,"minecraft:sand":5,"minecraft:spruce_sapling":1,"minecraft:blast_furnace":2,"minecraft:spruce_log":8,"minecraft:granite":8,"minecraft:oak_sapling":5,"minecraft:black_wool":1,"minecraft:coal":106},"minecraft:killed":{"minecraft:skeleton":2,"minecraft:iron_golem":1,"minecraft:trader_llama":2,"minecraft:zombie":1}},"DataVersion":3953}