{"stats":{"minecraft:mined":{"minecraft:light_gray_carpet":1,"minecraft:spruce_planks":2,"minecraft:white_bed":2,"minecraft:crafting_table":6,"minecraft:dark_oak_fence":6,"minecraft:grass_block":3,"minecraft:chest":2,"minecraft:spruce_leaves":27,"minecraft:sugar_cane":4,"minecraft:large_fern":1,"minecraft:white_carpet":1,"minecraft:spruce_log":9,"minecraft:birch_leaves":10,"minecraft:pumpkin":1,"minecraft:coal_ore":14,"minecraft:iron_bars":1,"minecraft:dirt":2,"minecraft:stone":15,"minecraft:oak_leaves":5,"minecraft:fern":1},"minecraft:killed_by":{"minecraft:pillager":2},"minecraft:used":{"minecraft:stone_sword":15,"minecraft:stone_pickaxe":26,"minecraft:light_gray_carpet":2,"minecraft:chest":3,"minecraft:spruce_planks":4,"minecraft:wooden_pickaxe":4,"minecraft:dirt":2,"minecraft:mutton":6,"minecraft:white_carpet":9,"minecraft:crafting_table":6,"minecraft:white_bed":2,"minecraft:spruce_boat":1,"minecraft:bread":2,"minecraft:spruce_trapdoor":2,"minecraft:stone_axe":41,"minecraft:goat_horn":5,"minecraft:porkchop":6,"minecraft:cooked_porkchop":3,"minecraft:splash_potion":1},"minecraft:custom":{"minecraft:interact_with_furnace":5,"minecraft:mob_kills":19,"minecraft:interact_with_crafting_table":15,"minecraft:leave_game":4,"minecraft:time_since_death":257,"minecraft:sleep_in_bed":2,"minecraft:climb_one_cm":2677,"minecraft:time_since_rest":282,"minecraft:sprint_one_cm":106184,"minecraft:damage_taken":975,"minecraft:walk_one_cm":103808,"minecraft:drop":4,"minecraft:damage_dealt":3388,"minecraft:fly_one_cm":199739,"minecraft:open_chest":16,"minecraft:crouch_one_cm":1681,"minecraft:play_time":32317,"minecraft:deaths":2,"minecraft:sneak_time":501,"minecraft:walk_under_water_one_cm":72,"minecraft:boat_one_cm":22006,"minecraft:jump":816,"minecraft:interact_with_brewingstand":2,"minecraft:walk_on_water_one_cm":1777,"minecraft:total_world_time":32317,"minecraft:fall_one_cm":22955},"minecraft:crafted":{"minecraft:cooked_porkchop":3,"minecraft:crafting_table":2,"minecraft:spruce_planks":36,"minecraft:wooden_pickaxe":1,"minecraft:stone_axe":1,"minecraft:bread":2,"minecraft:air":0,"minecraft:spruce_trapdoor":2,"minecraft:stick":8,"minecraft:stone_pickaxe":1,"minecraft:stone_sword":1,"minecraft:chest":1,"minecraft:white_bed":1,"minecraft:spruce_boat":1,"minecraft:dark_oak_planks":4},"minecraft:dropped":{"minecraft:goat_horn":1,"minecraft:crafting_table":1,"minecraft:mutton":1,"minecraft:stone_pickaxe":1},"minecraft:picked_up":{"minecraft:crafting_table":7,"minecraft:wooden_pickaxe":1,"minecraft:dirt":6,"minecraft:white_carpet":9,"minecraft:spruce_planks":15,"minecraft:stone_pickaxe":2,"minecraft:redstone_torch":1,"minecraft:sugar_cane":26,"minecraft:chest":2,"minecraft:birch_sapling":2,"minecraft:stick":4,"minecraft:pumpkin":2,"minecraft:porkchop":11,"minecraft:spruce_sapling":2,"minecraft:white_bed":2,"minecraft:spruce_log":9,"minecraft:goat_horn":2,"minecraft:stone_sword":3,"minecraft:stone_axe":2,"minecraft:spruce_boat":3,"minecraft:crossbow":3,"minecraft:gray_wool":2,"minecraft:oak_sapling":4,"minecraft:light_gray_carpet":3,"minecraft:mutton":7,"minecraft:coal":28,"minecraft:iron_bars":1,"minecraft:white_wool":5,"minecraft:cobblestone":31},"minecraft:killed":{"minecraft:pig":4,"minecraft:sheep":5,"minecraft:pillager":10}},"DataVersion":3953}