{"stats":{"minecraft:broken":{"minecraft:stone_axe":1},"minecraft:mined":{"minecraft:smithing_table":1,"minecraft:spruce_planks":3,"minecraft:oak_door":6,"minecraft:jungle_leaves":31,"minecraft:dandelion":2,"minecraft:brewing_stand":1,"minecraft:crafting_table":2,"minecraft:granite":10,"minecraft:short_grass":36,"minecraft:blast_furnace":2,"minecraft:dead_bush":1,"minecraft:lectern":1,"minecraft:tall_grass":3,"minecraft:spruce_leaves":8,"minecraft:composter":9,"minecraft:sugar_cane":116,"minecraft:diorite":3,"minecraft:wall_torch":3,"minecraft:hay_block":16,"minecraft:birch_planks":2,"minecraft:furnace":1,"minecraft:carrots":1,"minecraft:iron_ore":6,"minecraft:wheat":1,"minecraft:gold_block":1,"minecraft:spruce_log":9,"minecraft:birch_leaves":10,"minecraft:yellow_bed":3,"minecraft:fletching_table":4,"minecraft:peony":2,"minecraft:potatoes":1,"minecraft:bookshelf":3,"minecraft:oak_log":111,"minecraft:coal_ore":28,"minecraft:vine":1,"minecraft:oak_stairs":2,"minecraft:gravel":10,"minecraft:sand":10,"minecraft:stone":29,"minecraft:netherrack":1,"minecraft:oak_leaves":73},"minecraft:used":{"minecraft:diorite":1,"minecraft:oak_planks":42,"minecraft:shield":3,"minecraft:iron_sword":11,"minecraft:spruce_planks":3,"minecraft:composter":8,"minecraft:fletching_table":4,"minecraft:sugar_cane":69,"minecraft:oak_door":7,"minecraft:torch":6,"minecraft:crafting_table":2,"minecraft:blast_furnace":2,"minecraft:bread":21,"minecraft:birch_sapling":1,"minecraft:iron_pickaxe":83,"minecraft:spruce_sapling":1,"minecraft:stone_axe":135,"minecraft:furnace":1,"minecraft:oak_sapling":3,"minecraft:yellow_bed":2,"minecraft:oak_boat":2},"minecraft:custom":{"minecraft:interact_with_furnace":13,"minecraft:mob_kills":7,"minecraft:traded_with_villager":30,"minecraft:interact_with_crafting_table":12,"minecraft:leave_game":2,"minecraft:time_since_death":80471,"minecraft:sleep_in_bed":6,"minecraft:climb_one_cm":355,"minecraft:time_since_rest":10027,"minecraft:sprint_one_cm":229872,"minecraft:damage_taken":535,"minecraft:walk_one_cm":158319,"minecraft:damage_blocked_by_shield":165,"minecraft:drop":25,"minecraft:damage_dealt":2018,"minecraft:talked_to_villager":24,"minecraft:swim_one_cm":50599,"minecraft:fly_one_cm":371624,"minecraft:open_chest":13,"minecraft:crouch_one_cm":1452,"minecraft:play_time":80471,"minecraft:sneak_time":2388,"minecraft:walk_under_water_one_cm":28202,"minecraft:boat_one_cm":186737,"minecraft:jump":1603,"minecraft:walk_on_water_one_cm":13856,"minecraft:total_world_time":80471,"minecraft:fall_one_cm":42361},"minecraft:crafted":{"minecraft:oak_door":3,"minecraft:smooth_stone":3,"minecraft:oak_planks":444,"minecraft:emerald":23,"minecraft:crafting_table":1,"minecraft:spruce_planks":8,"minecraft:iron_helmet":1,"minecraft:furnace":2,"minecraft:blast_furnace":1,"minecraft:stone":3,"minecraft:fletching_table":1,"minecraft:stone_axe":1,"minecraft:bread":48,"minecraft:air":0,"minecraft:oak_boat":1,"minecraft:bow":6,"minecraft:shield":1,"minecraft:stick":736,"minecraft:iron_ingot":6,"minecraft:iron_pickaxe":1,"minecraft:gold_ingot":9,"minecraft:torch":4,"minecraft:wheat":144},"minecraft:dropped":{"minecraft:gravel":4,"minecraft:oak_log":1,"minecraft:cobblestone":6,"minecraft:leather":1,"minecraft:granite":8,"minecraft:filled_map":2,"minecraft:peony":2,"minecraft:yellow_bed":1,"minecraft:oak_sapling":2,"minecraft:sand":3,"minecraft:bow":12,"minecraft:dandelion":1},"minecraft:picked_up":{"minecraft:crafting_table":2,"minecraft:leather":1,"minecraft:smithing_table":1,"minecraft:lead":2,"minecraft:potato":4,"minecraft:gold_block":1,"minecraft:flint":2,"minecraft:oak_log":112,"minecraft:brewing_stand":1,"minecraft:yellow_bed":4,"minecraft:apple":2,"minecraft:bow":7,"minecraft:wheat_seeds":5,"minecraft:spruce_planks":3,"minecraft:iron_ingot":5,"minecraft:oak_boat":2,"minecraft:fletching_table":4,"minecraft:lectern":1,"minecraft:sugar_cane":137,"minecraft:birch_sapling":1,"minecraft:furnace":1,"minecraft:book":9,"minecraft:stick":8,"minecraft:raw_iron":6,"minecraft:oak_door":6,"minecraft:composter":9,"minecraft:torch":3,"minecraft:dandelion":3,"minecraft:sand":5,"minecraft:gravel":4,"minecraft:spruce_sapling":1,"minecraft:blast_furnace":2,"minecraft:diorite":3,"minecraft:carrot":4,"minecraft:spruce_log":8,"minecraft:peony":2,"minecraft:hay_block":16,"minecraft:granite":8,"minecraft:oak_sapling":5,"minecraft:black_wool":1,"minecraft:mutton":6,"minecraft:coal":54,"minecraft:white_wool":3,"minecraft:cobblestone":28},"minecraft:killed":{"minecraft:iron_golem":1,"minecraft:skeleton":2,"minecraft:trader_llama":2,"minecraft:zombie":1}},"DataVersion":3953}