{"stats":{"minecraft:mined":{"minecraft:hay_block":16,"minecraft:spruce_planks":3,"minecraft:spruce_log":2,"minecraft:birch_leaves":10,"minecraft:dandelion":1,"minecraft:short_grass":9,"minecraft:oak_log":4,"minecraft:spruce_leaves":3,"minecraft:stone":17,"minecraft:sugar_cane":13,"minecraft:oak_leaves":56},"minecraft:used":{"minecraft:bread":3,"minecraft:birch_sapling":1,"minecraft:iron_pickaxe":17,"minecraft:spruce_planks":3,"minecraft:spruce_sapling":1,"minecraft:sugar_cane":29,"minecraft:stone_axe":1,"minecraft:crafting_table":1,"minecraft:oak_sapling":3,"minecraft:furnace":1},"minecraft:custom":{"minecraft:time_since_rest":9127,"minecraft:interact_with_furnace":8,"minecraft:sprint_one_cm":53795,"minecraft:damage_taken":50,"minecraft:walk_one_cm":34330,"minecraft:mob_kills":1,"minecraft:damage_dealt":1000,"minecraft:swim_one_cm":3120,"minecraft:talked_to_villager":3,"minecraft:interact_with_crafting_table":8,"minecraft:fly_one_cm":100223,"minecraft:crouch_one_cm":38,"minecraft:play_time":14471,"minecraft:sneak_time":992,"minecraft:walk_under_water_one_cm":845,"minecraft:jump":424,"minecraft:leave_game":2,"minecraft:walk_on_water_one_cm":737,"minecraft:time_since_death":14471,"minecraft:sleep_in_bed":1,"minecraft:total_world_time":14471,"minecraft:fall_one_cm":10081},"minecraft:crafted":{"minecraft:smooth_stone":3,"minecraft:oak_planks":16,"minecraft:shield":1,"minecraft:crafting_table":1,"minecraft:spruce_planks":8,"minecraft:stick":4,"minecraft:iron_pickaxe":1,"minecraft:furnace":1,"minecraft:stone":3,"minecraft:stone_axe":1,"minecraft:air":0,"minecraft:bread":48,"minecraft:wheat":144},"minecraft:picked_up":{"minecraft:stick":1,"minecraft:oak_log":4,"minecraft:spruce_sapling":1,"minecraft:spruce_log":2,"minecraft:apple":1,"minecraft:wheat_seeds":3,"minecraft:spruce_planks":3,"minecraft:hay_block":16,"minecraft:iron_ingot":5,"minecraft:oak_sapling":3,"minecraft:mutton":6,"minecraft:black_wool":1,"minecraft:sugar_cane":29,"minecraft:birch_sapling":1,"minecraft:cobblestone":17,"minecraft:white_wool":3},"minecraft:killed":{"minecraft:iron_golem":1}},"DataVersion":3953}