{
  "minecraft:recipes/misc/charcoal": {
    "criteria": {
      "has_log": "2024-08-03 16:30:58 +0000"
    },
    "done": true
  },
  "minecraft:recipes/decorations/crafting_table": {
    "criteria": {
      "unlock_right_away": "2024-08-03 16:30:16 +0000"
    },
    "done": true
  },
  "minecraft:recipes/building_blocks/oak_planks": {
    "criteria": {
      "has_logs": "2024-08-03 16:30:58 +0000"
    },
    "done": true
  },
  "minecraft:adventure/adventuring_time": {
    "criteria": {
      "minecraft:beach": "2024-08-03 16:30:17 +0000",
      "minecraft:swamp": "2024-08-03 16:30:47 +0000"
    },
    "done": false
  },
  "minecraft:recipes/building_blocks/oak_wood": {
    "criteria": {
      "has_log": "2024-08-03 16:30:58 +0000"
    },
    "done": true
  },
  "DataVersion": 3465
}